,title,hit,url_val
1,UV액 강화유리 떼는 데 엄청 애먹었네요 ㄷㄷ,597.9 k,http://www.clien.net/service/board/park/14740120?od=T31&po=0&category=&groupCd=community
2,한강 둔치에 사람들이 바글바글 하네요...,18,http://www.clien.net/service/board/park/14740119?od=T31&po=0&category=&groupCd=community
3,얼굴짱큰 마포구 지하철역 청소부 아재,111,http://www.clien.net/service/board/park/14740118?od=T31&po=0&category=&groupCd=community
4,코로나로 다들 카페나 밥집 사람 없다고들 하는데 왜 전 ㅠㅜ,91,http://www.clien.net/service/board/park/14740117?od=T31&po=0&category=&groupCd=community
5,정부가 잘하면 대구시장이 칭찬 받고,153,http://www.clien.net/service/board/park/14740116?od=T31&po=0&category=&groupCd=community
6,대충 힐링짤,204,http://www.clien.net/service/board/park/14740115?od=T31&po=0&category=&groupCd=community
7,과자가 남았을 때 보관법.gif,221,http://www.clien.net/service/board/park/14740113?od=T31&po=0&category=&groupCd=community
8,맥북 에어는 이제 11~12인치급은 안만들 생각인걸까요??,598,http://www.clien.net/service/board/park/14740112?od=T31&po=0&category=&groupCd=community
9,이케아에 사람없을지 알았는데 엄청많네요.,123,http://www.clien.net/service/board/park/14740111?od=T31&po=0&category=&groupCd=community
10,날이 따뜻해서 몇주 만에 바깥나들이를 했습니다.,168,http://www.clien.net/service/board/park/14740110?od=T31&po=0&category=&groupCd=community
11,요즘 카페 근황.jpg,130,http://www.clien.net/service/board/park/14740108?od=T31&po=0&category=&groupCd=community
12,43인치 UHD 모니터 103ppi라 하는데 볼만할까요?,895,http://www.clien.net/service/board/kin/14740107?od=T31&po=0&category=&groupCd=community
13,인스타그램이 무섭습니다.,23,http://www.clien.net/service/board/park/14740104?od=T31&po=0&category=&groupCd=community
14,요새 하루 평균 일곱시간씩 서재에 붙어있다보니 (feat. 의자),663,http://www.clien.net/service/board/park/14740103?od=T31&po=0&category=&groupCd=community
15,날이 많이 따뜻해졓네용.,332,http://www.clien.net/service/board/park/14740102?od=T31&po=0&category=&groupCd=community
16,박서준이 뷰티인사이드에 나왔던 배우군여.,87,http://www.clien.net/service/board/park/14740101?od=T31&po=0&category=&groupCd=community
17,송혜희 양도 제발 찾았으면 좋겠습니다.,342,http://www.clien.net/service/board/park/14740099?od=T31&po=0&category=&groupCd=community
18,일본이 기를 쓰고 올림픽을 정상 개최하려는 이유..,625,http://www.clien.net/service/board/park/14740098?od=T31&po=0&category=&groupCd=community
19,맥북와서 쓰고 있는데 너무 좋네요 ㅋㅋㅋ,605,http://www.clien.net/service/board/park/14740097?od=T31&po=0&category=&groupCd=community
20,벚꽃이 그냥 확 피었는데예?!.jpg,393,http://www.clien.net/service/board/park/14740094?od=T31&po=0&category=&groupCd=community
21,이승환옹 밴드의 101주년 3.1절 기념 뮤직비디오,970,http://www.clien.net/service/board/park/14740093?od=T31&po=0&category=&groupCd=community
22,코로나19 질병관리 본부 통계 차트 [3/21 0시 기준] / #고마워요_질병관리본부,177,http://www.clien.net/service/board/park/14740092?od=T31&po=0&category=&groupCd=community
23,로또 사는데 줄 서긴 처음이네요.,394,http://www.clien.net/service/board/park/14740091?od=T31&po=0&category=&groupCd=community
24,콜롬비아에서 광주 온 그놈도 신천지 전도사군요,659,http://www.clien.net/service/board/park/14740088?od=T31&po=0&category=&groupCd=community
25,아도라마발 399달러 W60 통관 끝났네요,668,http://www.clien.net/service/board/park/14740087?od=T31&po=0&category=&groupCd=community
26,ㅅ간 뒤 feat 핫플레이스,407,http://www.clien.net/service/board/park/14740086?od=T31&po=0&category=&groupCd=community
27,이제 코로나 역수입의 시기가 된 것 같습니다. feat.영등포구 확진자,764,http://www.clien.net/service/board/park/14740085?od=T31&po=0&category=&groupCd=community
28,이런 것도 검열하는군요.jpg,1067,http://www.clien.net/service/board/park/14740084?od=T31&po=0&category=&groupCd=community
29,현재 우주에서 가장 미스터리한 공간,1447,http://www.clien.net/service/board/park/14740082?od=T31&po=0&category=&groupCd=community
30,"펠레 ""호날두가 현재 최고, 역대 넘버원은 나!""",1942,http://www.clien.net/service/board/park/14740081?od=T31&po=0&category=&groupCd=community
31,UV액 강화유리 떼는 데 엄청 애먹었네요 ㄷㄷ,657,http://www.clien.net/service/board/park/14740120?od=T31&po=0&category=&groupCd=community
