"","title","hit","url_val"
"1","중국에서 먹던 기본도시락","24","http://www.clien.net/service/board/park/14745597?od=T31&po=0&category=&groupCd=community"
"2","CJ 몰에서.....주문했는데...","83","http://www.clien.net/service/board/park/14745595?od=T31&po=0&category=&groupCd=community"
"3","대사 증후군에 관하여..... ( 대사 ) .그리고 본 그림","138","http://www.clien.net/service/board/park/14745594?od=T31&po=0&category=&groupCd=community"
"4","엑시노스 사용중지 청원자)삼성 부품이 미국산보다 열등하다고 믿는다.","171","http://www.clien.net/service/board/park/14745593?od=T31&po=0&category=&groupCd=community"
"5","독일 메르켈 총리 코로나 양성","656","http://www.clien.net/service/board/park/14745592?od=T31&po=0&category=&groupCd=community"
"6","제로페이 20% 할인.jpg","775","http://www.clien.net/service/board/park/14745591?od=T31&po=0&category=&groupCd=community"
"7","아마존 고객상담 채팅 대기시간 70분","367","http://www.clien.net/service/board/park/14745588?od=T31&po=0&category=&groupCd=community"
"8","13년만에 주식 매수 들어갑니다..","874","http://www.clien.net/service/board/park/14745587?od=T31&po=0&category=&groupCd=community"
"9","일본 올림픽 연기시 스폰서는ㅎㅎㅎㅎ","415","http://www.clien.net/service/board/park/14745586?od=T31&po=0&category=&groupCd=community"
"10","공직자윤리위원장 검증완료","518","http://www.clien.net/service/board/park/14745585?od=T31&po=0&category=&groupCd=community"
"11","아침부터 신박한 소리를 들었네요","613","http://www.clien.net/service/board/park/14745583?od=T31&po=0&category=&groupCd=community"
"12","코로나, 이번 2주가 정부 대응의 분수령일 듯.. (제 생각)","544","http://www.clien.net/service/board/park/14745581?od=T31&po=0&category=&groupCd=community"
"13","어디야?","325","http://www.clien.net/service/board/park/14745580?od=T31&po=0&category=&groupCd=community"
"14","걸어 병원 갔는데 죽어서…' 삶의 전부를 앗아간 코로나19.gisa","1305","http://www.clien.net/service/board/park/14745579?od=T31&po=0&category=&groupCd=community"
"15","대통령 지지도 49.3% 기록...'올해 최고치'","905","http://www.clien.net/service/board/park/14745578?od=T31&po=0&category=&groupCd=community"
"16","IOC의 임시이사회에서 올림픽 연기검토에 환호하는 니뽕","752","http://www.clien.net/service/board/park/14745577?od=T31&po=0&category=&groupCd=community"
"17","원조 개독 근황","662","http://www.clien.net/service/board/park/14745576?od=T31&po=0&category=&groupCd=community"
"18","안드로이드 근황.jpg","1728","http://www.clien.net/service/board/park/14745573?od=T31&po=0&category=&groupCd=community"
"19","사냥의시간 제작비가 홍보비 포함 100억넘는군요...ㄷㄷ","840","http://www.clien.net/service/board/park/14745572?od=T31&po=0&category=&groupCd=community"
"20","국토 70%가 산이라는걸 체감한 계기.tweet","1508","http://www.clien.net/service/board/park/14745571?od=T31&po=0&category=&groupCd=community"
"21","토요일날.","69","http://www.clien.net/service/board/park/14745570?od=T31&po=0&category=&groupCd=community"
"22","마스크 무용론에 대한 우리가족 생각","605","http://www.clien.net/service/board/park/14745569?od=T31&po=0&category=&groupCd=community"
"23","닌텐도 스위치가 떡상했네요","1482","http://www.clien.net/service/board/park/14745566?od=T31&po=0&category=&groupCd=community"
"24","텐X 5종 리뷰.jpg","1409","http://www.clien.net/service/board/park/14745564?od=T31&po=0&category=&groupCd=community"
"25","표창원 N번방 박사, 해외면 종신형..우리나라 형량은..","1334","http://www.clien.net/service/board/park/14745563?od=T31&po=0&category=&groupCd=community"
"26","오늘자 한국 개신교 상황....","2031","http://www.clien.net/service/board/park/14745561?od=T31&po=0&category=&groupCd=community"
"27","울산도 절반이상의 교회가 예배강행 했네용.","1020","http://www.clien.net/service/board/park/14745560?od=T31&po=0&category=&groupCd=community"
"28","미 공화당 랜드 폴 상원의원, 코로나-19 확진.news","615","http://www.clien.net/service/board/park/14745559?od=T31&po=0&category=&groupCd=community"
"29","여자에게 잘 껄떡대는 남자가 여자를 많이 만나더라구요","1682","http://www.clien.net/service/board/park/14745558?od=T31&po=0&category=&groupCd=community"
"30","외장하드 때문에 조마조마했네요","330","http://www.clien.net/service/board/park/14745555?od=T31&po=0&category=&groupCd=community"
